{"version": "1.0", "algorithm": "sha256", "created_at": "2025-05-21T16:14:59.641729+00:00", "files": [{"path": "CMakeLists.txt", "size": 1131, "hash": "527e1c93841dcf98e4e30767c0b55ec117e1af52638eb72a7aec23d25a31074b"}, {"path": "api.md", "size": 12932, "hash": "fa49f00d63cab790d2e3ffb1cc2436ec337fab336f55a8c2730aa1d923b655e4"}, {"path": "LICENSE", "size": 11358, "hash": "cfc7749b96f63bd31c3c42b5c471bf756814053e847c10f3eb003417bc523d30"}, {"path": "CHANGELOG.md", "size": 1469, "hash": "8f323462bb2f1c0159b2e2c5fef08628d47a7ff55ef9829221889c2486bbfad8"}, {"path": "idf_component.yml", "size": 335, "hash": "12ff580cba4f58c8c41cff96d0c81bc001d40d99ad15ba16afabce64261d4b8a"}, {"path": "README.md", "size": 4920, "hash": "f94c5b61f704ec6247450b3252e35b6130b5350edff560dd172f3a7345fac637"}, {"path": "Doxyfile", "size": 684, "hash": "f05e35d4108be9b46398fbd7c0cef9880c0e802abbe36a36a49c7a0ac4126826"}, {"path": "interface/led_strip_interface.h", "size": 2934, "hash": "5b7d0c326d0d0d9748830d4aec46d765400e1446055d4a1197c83111e937d74c"}, {"path": "include/led_strip_spi.h", "size": 1596, "hash": "d79f3a803834ff28930a32380a48afe0977de167d31d673589e98c2a3cf66e5f"}, {"path": "include/led_strip_types.h", "size": 1352, "hash": "13fb81ed62bcaa6d8686c5b095c45adede526bcba3980ad0f9341c38b4bedc96"}, {"path": "include/led_strip_rmt.h", "size": 1876, "hash": "d3d6f0880f7443c21b48c1715e524282688ce9743085b4d7358322f6714b82d2"}, {"path": "include/led_strip.h", "size": 3586, "hash": "f01e0f282fe3042b03381495c616eae211d0b75d04c64e29b3dc92721fbadc4f"}, {"path": "src/led_strip_spi_dev.c", "size": 9346, "hash": "bff2b2e1dc3240d21b1679fba42f0f4395bf9449b21ee3c2408bbc1ae1b9c211"}, {"path": "src/led_strip_rmt_encoder.h", "size": 977, "hash": "690381c35ace2703a5c7156f6547a8524f4cbfe5bef40be619e2097960120a40"}, {"path": "src/led_strip_rmt_dev_idf4.c", "size": 7143, "hash": "81b4a239b554f1ed3326b5380490316a9602bc606a00691a5f325adcbdf2145c"}, {"path": "src/led_strip_api.c", "size": 2575, "hash": "2a8be1284ed6b2ad000907bca3829f71a499aa0d06d47f078d6306392dcc4f4c"}, {"path": "src/led_strip_rmt_encoder.c", "size": 6097, "hash": "7e349a50bd3a161932200dd3da24a6e7316438e0e31615aed6d20deeb3917558"}, {"path": "src/led_strip_rmt_dev.c", "size": 6885, "hash": "3a41df64f2582f3abedd4bddf3111a6bba4a1f886d58dd8391ac2b903ea82e9f"}, {"path": "examples/led_strip_rmt_ws2812/CMakeLists.txt", "size": 381, "hash": "26a31ebd66ad328361d8b69d7f99b9250685932d077dc300dc96280ff6623bc4"}, {"path": "examples/led_strip_rmt_ws2812/README.md", "size": 1200, "hash": "a5f39b31c5f7cbf548ee31b61ab22e430a6c823404c0ddb113703512bcb3ad3c"}, {"path": "examples/led_strip_spi_ws2812/CMakeLists.txt", "size": 381, "hash": "3096c4f9363c9ccf5733c19542163dcb4497764435fb996156552b81c55c6e14"}, {"path": "examples/led_strip_spi_ws2812/README.md", "size": 1201, "hash": "2c02a29197cd1f2d4af4c4c9cd44677e303b0e168a1773eef9fc3fdb39377d27"}, {"path": "examples/led_strip_spi_ws2812/main/CMakeLists.txt", "size": 99, "hash": "34e7f83d26bca924c629ea2012e6f200b415d486907863fe936d94872ff739eb"}, {"path": "examples/led_strip_spi_ws2812/main/idf_component.yml", "size": 142, "hash": "fe89054a1b7988a7068a2952d01bfc6ae40dc59a33bc7dcc8a98cbb231d472fb"}, {"path": "examples/led_strip_spi_ws2812/main/led_strip_spi_ws2812_main.c", "size": 2462, "hash": "8e052cbfd7e27d5e3382f5f115db23ea884db25f4a73fb69d34ed4867dfbf80a"}, {"path": "examples/led_strip_rmt_ws2812/main/CMakeLists.txt", "size": 99, "hash": "8960b68811805d3aa40e1a7f44ddf7400c0d0731829b6d2b3b1584d8dcd3b392"}, {"path": "examples/led_strip_rmt_ws2812/main/idf_component.yml", "size": 125, "hash": "05a57e3d6808bac9e1a2f41cbcfa26d90b5a3427d518b619a1ff4946e62d791d"}, {"path": "examples/led_strip_rmt_ws2812/main/led_strip_rmt_ws2812_main.c", "size": 2705, "hash": "497f3b88387865c41f7a30c7ab5e0086066a344bf16f250d973bf0af907fa78f"}]}